-- phpMyAdmin SQL Dump
-- version 5.2.1
-- https://www.phpmyadmin.net/
--
-- Servidor: 127.0.0.1
-- Tiempo de generación: 13-03-2024 a las 18:45:29
-- Versión del servidor: 10.4.32-MariaDB
-- Versión de PHP: 8.2.12

SET SQL_MODE = "NO_AUTO_VALUE_ON_ZERO";
START TRANSACTION;
SET time_zone = "+00:00";


/*!40101 SET @OLD_CHARACTER_SET_CLIENT=@@CHARACTER_SET_CLIENT */;
/*!40101 SET @OLD_CHARACTER_SET_RESULTS=@@CHARACTER_SET_RESULTS */;
/*!40101 SET @OLD_COLLATION_CONNECTION=@@COLLATION_CONNECTION */;
/*!40101 SET NAMES utf8mb4 */;

--
-- Base de datos: `lab9`
--

-- --------------------------------------------------------

--
-- Estructura de tabla para la tabla `entregan`
--

CREATE TABLE `entregan` (
  `Clave` int(11) NOT NULL,
  `RFC` text NOT NULL,
  `Numero` int(11) NOT NULL,
  `Fecha` datetime NOT NULL,
  `Cantidad` int(11) NOT NULL
) ENGINE=InnoDB DEFAULT CHARSET=utf8mb4 COLLATE=utf8mb4_general_ci;

--
-- Volcado de datos para la tabla `entregan`
--

INSERT INTO `entregan` (`Clave`, `RFC`, `Numero`, `Fecha`, `Cantidad`) VALUES
(1000, 'AAAA800101', 5000, '0000-00-00 00:00:00', 165),
(1010, 'BBBB800101', 5001, '0000-00-00 00:00:00', 528),
(1020, 'CCCC800101', 5002, '0000-00-00 00:00:00', 582),
(1030, 'DDDD800101', 5003, '0000-00-00 00:00:00', 202),
(1040, 'EEEE800101', 5004, '0000-00-00 00:00:00', 263),
(1050, 'FFFF800101', 5005, '0000-00-00 00:00:00', 503),
(1060, 'GGGG800101', 5006, '0000-00-00 00:00:00', 324),
(1070, 'HHHH800101', 5007, '0000-00-00 00:00:00', 2),
(1080, 'AAAA800101', 5008, '0000-00-00 00:00:00', 86),
(1090, 'BBBB800101', 5009, '0000-00-00 00:00:00', 73),
(1100, 'CCCC800101', 5010, '0000-00-00 00:00:00', 699),
(1110, 'DDDD800101', 5011, '0000-00-00 00:00:00', 368),
(1120, 'EEEE800101', 5012, '0000-00-00 00:00:00', 215),
(1130, 'FFFF800101', 5013, '0000-00-00 00:00:00', 63),
(1140, 'GGGG800101', 5014, '0000-00-00 00:00:00', 219),
(1150, 'HHHH800101', 5015, '0000-00-00 00:00:00', 458),
(1160, 'AAAA800101', 5016, '0000-00-00 00:00:00', 162),
(1170, 'BBBB800101', 5017, '0000-00-00 00:00:00', 180),
(1180, 'CCCC800101', 5018, '0000-00-00 00:00:00', 407),
(1190, 'DDDD800101', 5019, '0000-00-00 00:00:00', 94),
(1200, 'EEEE800101', 5000, '0000-00-00 00:00:00', 177),
(1210, 'FFFF800101', 5001, '0000-00-00 00:00:00', 43),
(1220, 'GGGG800101', 5002, '0000-00-00 00:00:00', 24),
(1230, 'HHHH800101', 5003, '0000-00-00 00:00:00', 530),
(1240, 'AAAA800101', 5004, '0000-00-00 00:00:00', 152),
(1250, 'BBBB800101', 5005, '0000-00-00 00:00:00', 71),
(1260, 'CCCC800101', 5006, '0000-00-00 00:00:00', 460),
(1270, 'DDDD800101', 5007, '0000-00-00 00:00:00', 506),
(1280, 'EEEE800101', 5008, '0000-00-00 00:00:00', 107),
(1290, 'FFFF800101', 5009, '0000-00-00 00:00:00', 132),
(1300, 'GGGG800101', 5010, '0000-00-00 00:00:00', 119),
(1310, 'HHHH800101', 5011, '0000-00-00 00:00:00', 72),
(1320, 'AAAA800101', 5012, '0000-00-00 00:00:00', 698),
(1330, 'BBBB800101', 5013, '0000-00-00 00:00:00', 554),
(1340, 'CCCC800101', 5014, '0000-00-00 00:00:00', 324),
(1350, 'DDDD800101', 5015, '0000-00-00 00:00:00', 272),
(1360, 'EEEE800101', 5016, '0000-00-00 00:00:00', 364),
(1370, 'FFFF800101', 5017, '0000-00-00 00:00:00', 44),
(1380, 'GGGG800101', 5018, '0000-00-00 00:00:00', 302),
(1390, 'HHHH800101', 5019, '0000-00-00 00:00:00', 107),
(1400, 'AAAA800101', 5000, '0000-00-00 00:00:00', 382),
(1410, 'BBBB800101', 5001, '0000-00-00 00:00:00', 601),
(1420, 'CCCC800101', 5002, '0000-00-00 00:00:00', 603),
(1430, 'DDDD800101', 5003, '0000-00-00 00:00:00', 576),
(1000, 'AAAA800101', 5019, '0000-00-00 00:00:00', 254),
(1010, 'BBBB800101', 5018, '0000-00-00 00:00:00', 523),
(1020, 'CCCC800101', 5017, '0000-00-00 00:00:00', 8),
(1030, 'DDDD800101', 5016, '0000-00-00 00:00:00', 295),
(1040, 'EEEE800101', 5015, '0000-00-00 00:00:00', 540),
(1050, 'FFFF800101', 5014, '0000-00-00 00:00:00', 623),
(1060, 'GGGG800101', 5013, '0000-00-00 00:00:00', 692),
(1070, 'HHHH800101', 5012, '0000-00-00 00:00:00', 503),
(1080, 'AAAA800101', 5011, '0000-00-00 00:00:00', 699),
(1090, 'BBBB800101', 5010, '0000-00-00 00:00:00', 421),
(1100, 'CCCC800101', 5009, '0000-00-00 00:00:00', 466),
(1110, 'DDDD800101', 5008, '0000-00-00 00:00:00', 337),
(1120, 'EEEE800101', 5007, '0000-00-00 00:00:00', 692),
(1130, 'FFFF800101', 5006, '0000-00-00 00:00:00', 562),
(1140, 'GGGG800101', 5005, '0000-00-00 00:00:00', 583),
(1150, 'HHHH800101', 5004, '0000-00-00 00:00:00', 453),
(1160, 'AAAA800101', 5019, '0000-00-00 00:00:00', 244),
(1170, 'BBBB800101', 5018, '0000-00-00 00:00:00', 53),
(1180, 'CCCC800101', 5017, '0000-00-00 00:00:00', 334),
(1190, 'DDDD800101', 5016, '0000-00-00 00:00:00', 356),
(1200, 'EEEE800101', 5015, '0000-00-00 00:00:00', 585),
(1210, 'FFFF800101', 5014, '0000-00-00 00:00:00', 70),
(1220, 'GGGG800101', 5013, '0000-00-00 00:00:00', 658),
(1230, 'HHHH800101', 5012, '0000-00-00 00:00:00', 312),
(1240, 'AAAA800101', 5011, '0000-00-00 00:00:00', 366),
(1250, 'BBBB800101', 5010, '0000-00-00 00:00:00', 691),
(1260, 'CCCC800101', 5009, '0000-00-00 00:00:00', 631),
(1270, 'DDDD800101', 5008, '0000-00-00 00:00:00', 546),
(1280, 'EEEE800101', 5007, '0000-00-00 00:00:00', 331),
(1290, 'FFFF800101', 5006, '0000-00-00 00:00:00', 279),
(1300, 'GGGG800101', 5005, '0000-00-00 00:00:00', 521),
(1310, 'HHHH800101', 5019, '0000-00-00 00:00:00', 199),
(1320, 'AAAA800101', 5018, '0000-00-00 00:00:00', 413),
(1330, 'BBBB800101', 5017, '0000-00-00 00:00:00', 93),
(1340, 'CCCC800101', 5016, '0000-00-00 00:00:00', 674),
(1350, 'DDDD800101', 5015, '0000-00-00 00:00:00', 261),
(1360, 'EEEE800101', 5014, '0000-00-00 00:00:00', 265),
(1370, 'FFFF800101', 5013, '0000-00-00 00:00:00', 575),
(1380, 'GGGG800101', 5012, '0000-00-00 00:00:00', 645),
(1390, 'HHHH800101', 5011, '0000-00-00 00:00:00', 697),
(1400, 'AAAA800101', 5010, '0000-00-00 00:00:00', 116),
(1410, 'BBBB800101', 5009, '0000-00-00 00:00:00', 467),
(1420, 'CCCC800101', 5008, '0000-00-00 00:00:00', 278),
(1430, 'DDDD800101', 5007, '0000-00-00 00:00:00', 13),
(1000, 'AAAA800101', 5019, '0000-00-00 00:00:00', 7),
(1010, 'BBBB800101', 5018, '0000-00-00 00:00:00', 667),
(1020, 'CCCC800101', 5017, '0000-00-00 00:00:00', 478),
(1030, 'DDDD800101', 5016, '0000-00-00 00:00:00', 139),
(1040, 'EEEE800101', 5015, '0000-00-00 00:00:00', 546),
(1050, 'FFFF800101', 5014, '0000-00-00 00:00:00', 90),
(1060, 'GGGG800101', 5013, '0000-00-00 00:00:00', 47),
(1070, 'HHHH800101', 5012, '0000-00-00 00:00:00', 516),
(1080, 'AAAA800101', 5011, '0000-00-00 00:00:00', 429),
(1090, 'BBBB800101', 5010, '0000-00-00 00:00:00', 612),
(1100, 'CCCC800101', 5009, '0000-00-00 00:00:00', 523),
(1110, 'DDDD800101', 5008, '0000-00-00 00:00:00', 292),
(1120, 'EEEE800101', 5007, '0000-00-00 00:00:00', 167),
(1130, 'FFFF800101', 5006, '0000-00-00 00:00:00', 673),
(1140, 'GGGG800101', 5005, '0000-00-00 00:00:00', 651),
(1150, 'HHHH800101', 5004, '0000-00-00 00:00:00', 270),
(1160, 'AAAA800101', 5019, '0000-00-00 00:00:00', 665),
(1170, 'BBBB800101', 5018, '0000-00-00 00:00:00', 517),
(1180, 'CCCC800101', 5017, '0000-00-00 00:00:00', 216),
(1190, 'DDDD800101', 5016, '0000-00-00 00:00:00', 622),
(1200, 'EEEE800101', 5015, '0000-00-00 00:00:00', 653),
(1210, 'FFFF800101', 5014, '0000-00-00 00:00:00', 479),
(1220, 'GGGG800101', 5013, '0000-00-00 00:00:00', 653),
(1230, 'HHHH800101', 5012, '0000-00-00 00:00:00', 115),
(1240, 'AAAA800101', 5011, '0000-00-00 00:00:00', 549),
(1250, 'BBBB800101', 5010, '0000-00-00 00:00:00', 690),
(1260, 'CCCC800101', 5009, '0000-00-00 00:00:00', 2),
(1270, 'DDDD800101', 5008, '0000-00-00 00:00:00', 324),
(1280, 'EEEE800101', 5007, '0000-00-00 00:00:00', 448),
(1290, 'FFFF800101', 5006, '0000-00-00 00:00:00', 336),
(1300, 'GGGG800101', 5005, '0000-00-00 00:00:00', 457),
(1310, 'HHHH800101', 5019, '0000-00-00 00:00:00', 463),
(1320, 'AAAA800101', 5018, '0000-00-00 00:00:00', 163),
(1330, 'BBBB800101', 5017, '0000-00-00 00:00:00', 558),
(1340, 'CCCC800101', 5016, '0000-00-00 00:00:00', 11),
(1350, 'DDDD800101', 5015, '0000-00-00 00:00:00', 330),
(1360, 'EEEE800101', 5014, '0000-00-00 00:00:00', 37),
(1370, 'FFFF800101', 5013, '0000-00-00 00:00:00', 423),
(1380, 'GGGG800101', 5012, '0000-00-00 00:00:00', 147),
(1390, 'HHHH800101', 5011, '0000-00-00 00:00:00', 308),
(1400, 'AAAA800101', 5010, '0000-00-00 00:00:00', 441),
(1410, 'BBBB800101', 5009, '0000-00-00 00:00:00', 461),
(1420, 'CCCC800101', 5008, '0000-00-00 00:00:00', 444),
(1430, 'DDDD800101', 5007, '0000-00-00 00:00:00', 506);

-- --------------------------------------------------------

--
-- Estructura de tabla para la tabla `materiales`
--

CREATE TABLE `materiales` (
  `Clave` int(11) NOT NULL,
  `Descripcion` text NOT NULL,
  `Precio` int(11) NOT NULL
) ENGINE=InnoDB DEFAULT CHARSET=utf8mb4 COLLATE=utf8mb4_general_ci;

--
-- Volcado de datos para la tabla `materiales`
--

INSERT INTO `materiales` (`Clave`, `Descripcion`, `Precio`) VALUES
(1000, 'Varilla 3/16', 100),
(1010, 'Varilla 4/32', 115),
(1020, 'Varilla 3/17', 130),
(1030, 'Varilla 4/33', 145),
(1040, 'Varilla 3/18', 160),
(1050, 'Varilla 4/34', 175),
(1060, 'Varilla 3/19', 190),
(1070, 'Varilla 4/35', 205),
(1080, 'Ladrillos rojos', 50),
(1090, 'Ladrillos grises', 35),
(1100, 'Block', 30),
(1110, 'Megablock', 40),
(1120, 'Sillar rosa', 100),
(1130, 'Sillar gris', 110),
(1140, 'Cantera blanca', 200),
(1150, 'Cantera gris', 1210),
(1160, 'Cantera rosa', 1420),
(1170, 'Cantera amarilla', 230),
(1180, 'Recubrimiento P1001', 200),
(1190, 'Recubrimiento P1010', 220),
(1200, 'Recubrimiento P1019', 240),
(1210, 'Recubrimiento P1028', 250),
(1220, 'Recubrimiento P1037', 280),
(1230, 'Cemento ', 300),
(1240, 'Arena', 200),
(1250, 'Grava', 100),
(1260, 'Gravilla', 90),
(1270, 'Tezontle', 80),
(1280, 'Tepetate', 34),
(1290, 'Tuber?a 3.5', 200),
(1300, 'Tuber?a 4.3', 210),
(1310, 'Tuber?a 3.6', 220),
(1320, 'Tuber?a 4.4', 230),
(1330, 'Tuber?a 3.7', 240),
(1340, 'Tuber?a 4.5', 250),
(1350, 'Tuber?a 3.8', 260),
(1360, 'Pintura C1010', 125),
(1370, 'Pintura B1020', 125),
(1380, 'Pintura C1011', 725),
(1390, 'Pintura B1021', 125),
(1400, 'Pintura C1011', 125),
(1410, 'Pintura B1021', 125),
(1420, 'Pintura C1012', 125),
(1430, 'Pintura B1022', 125);

-- --------------------------------------------------------

--
-- Estructura de tabla para la tabla `proveedores`
--

CREATE TABLE `proveedores` (
  `RFC` text NOT NULL,
  `RazonSocial` text NOT NULL
) ENGINE=InnoDB DEFAULT CHARSET=utf8mb4 COLLATE=utf8mb4_general_ci;

--
-- Volcado de datos para la tabla `proveedores`
--

INSERT INTO `proveedores` (`RFC`, `RazonSocial`) VALUES
('AAAA800101', 'La fragua'),
('BBBB800101', 'Oviedo'),
('CCCC800101', 'La Ferre'),
('DDDD800101', 'Cecoferre'),
('EEEE800101', 'Alvin'),
('FFFF800101', 'Comex'),
('GGGG800101', 'Tabiquera del centro'),
('HHHH800101', 'Tubasa');

-- --------------------------------------------------------

--
-- Estructura de tabla para la tabla `proyectos`
--

CREATE TABLE `proyectos` (
  `Numero` int(11) NOT NULL,
  `Denominacion` text NOT NULL
) ENGINE=InnoDB DEFAULT CHARSET=utf8mb4 COLLATE=utf8mb4_general_ci;

--
-- Volcado de datos para la tabla `proyectos`
--

INSERT INTO `proyectos` (`Numero`, `Denominacion`) VALUES
(5000, 'Vamos Mexico'),
(5000, 'Vamos Mexico'),
(5001, 'Aztecon'),
(5002, 'CIT Campeche'),
(5003, 'Mexico sin ti no estamos completos'),
(5004, 'Educando en Coahuila'),
(5005, 'Infonavit Durango'),
(5006, 'Reconstruccion del templo de Guadalupe'),
(5007, 'Construccion de plaza Magnolias'),
(5008, 'Televisa en accion'),
(5009, 'Disco Atlantic'),
(5010, 'Construccion de Hospital Infantil'),
(5011, 'Remodelacion de aulas del IPP'),
(5012, 'Restauracion de instalaciones del CEA'),
(5013, 'Reparacion de la plaza Sonora'),
(5014, 'Remodelacion de Soriana'),
(5015, 'CIT Yucatan'),
(5016, 'Ampliacion de la carretera a la huasteca'),
(5017, 'Reparacion de la carretera del sol'),
(5018, 'Tu cambio por la educacion'),
(5019, 'Queretaro limpio');
COMMIT;

/*!40101 SET CHARACTER_SET_CLIENT=@OLD_CHARACTER_SET_CLIENT */;
/*!40101 SET CHARACTER_SET_RESULTS=@OLD_CHARACTER_SET_RESULTS */;
/*!40101 SET COLLATION_CONNECTION=@OLD_COLLATION_CONNECTION */;
